{
    "id": 2,
    "name": "Traseul Mare",
    "description": "Deleni, Vaslui, Romania",
    "distance": 264.0,
    "ascent": 1726.0,
    "descent": 1729.0,
    "difficulty": 4.0,
    "pois": [],
    "coords": [
        [
            46.5717139288805,
            27.7859155925061
        ],
        [
            46.5707703547472,
            27.7866018760486
        ],
        [
            46.5648868092507,
            27.7939210701616
        ],
        [
            46.5664869611504,
            27.8198807263122
        ],
        [
            46.5673485618542,
            27.8325920062207
        ],
        [
            46.5731332407281,
            27.8331291025552
        ],
        [
            46.5961671020204,
            27.8480318147771
        ],
        [
            46.6033285972227,
            27.8522860700548
        ],
        [
            46.6104891458691,
            27.8652615486525
        ],
        [
            46.632841501734,
            27.8482445275408
        ],
        [
            46.6633601995104,
            27.8308020809018
        ],
        [
            46.6745130539463,
            27.8420625353354
        ],
        [
            46.6875011465681,
            27.84504051403
        ],
        [
            46.7178582681236,
            27.8516026487047
        ],
        [
            46.732439703364,
            27.8558569039823
        ],
        [
            46.747162952337,
            27.8526662125241
        ],
        [
            46.7588636304152,
            27.8623576204119
        ],
        [
            46.7712486785175,
            27.8700152799125
        ],
        [
            46.7678977112025,
            27.8861814499673
        ],
        [
            46.7705202250965,
            27.8972425136898
        ],
        [
            46.7763475765975,
            27.9029857583153
        ],
        [
            46.7890198889546,
            27.8932009711759
        ],
        [
            46.7933889602172,
            27.8834161840375
        ],
        [
            46.8086779166166,
            27.881927194656
        ],
        [
            46.8150834256426,
            27.8889467158646
        ],
        [
            46.8226525891011,
            27.8910738435034
        ],
        [
            46.8318214942966,
            27.8895848541566
        ],
        [
            46.8453536864287,
            27.8844797478232
        ],
        [
            46.8553914976886,
            27.890648417976
        ],
        [
            46.8636821876994,
            27.881927194656
        ],
        [
            46.8642639424366,
            27.8668245884195
        ],
        [
            46.8523367102432,
            27.8634211841976
        ],
        [
            46.8514638819138,
            27.8574652268085
        ],
        [
            46.853500459283,
            27.8487440034896
        ],
        [
            46.8546641831055,
            27.8293871419744
        ],
        [
            46.8537913926028,
            27.8206659186555
        ],
        [
            46.8558278817101,
            27.810242993225
        ],
        [
            46.8549551101205,
            27.7968420890989
        ],
        [
            46.8498636598024,
            27.7870573019606
        ],
        [
            46.8366236299914,
            27.7889717168357
        ],
        [
            46.8287653663403,
            27.7891844295994
        ],
        [
            46.8187225795303,
            27.7947149614601
        ],
        [
            46.8002331254348,
            27.8008836316129
        ],
        [
            46.7922239092161,
            27.8013090571413
        ],
        [
            46.7878547433737,
            27.7968420890989
        ],
        [
            46.7805469004967,
            27.7923628975917
        ],
        [
            46.7656870668399,
            27.7919374720623
        ],
        [
            46.7655413618845,
            27.7764094402447
        ],
        [
            46.7614614635651,
            27.7664119403416
        ],
        [
            46.7521348214401,
            27.766199227578
        ],
        [
            46.7543208980236,
            27.7502457702857
        ],
        [
            46.7828774827565,
            27.7000455580077
        ],
        [
            46.8086528180752,
            27.6811141220209
        ],
        [
            46.8081600764141,
            27.6570480892069
        ],
        [
            46.7796169019971,
            27.6506667062591
        ],
        [
            46.803355397729,
            27.6187597916746
        ],
        [
            46.8158757834965,
            27.6087622917716
        ],
        [
            46.812236436945,
            27.5919579834246
        ],
        [
            46.8106350464379,
            27.5866401643277
        ],
        [
            46.8125275937322,
            27.5734519729652
        ],
        [
            46.806704158493,
            27.5666451645214
        ],
        [
            46.8005888729076,
            27.5638798985905
        ],
        [
            46.8097615406097,
            27.5251661755623
        ],
        [
            46.8068497520582,
            27.4932592609778
        ],
        [
            46.8148567912878,
            27.4607142081024
        ],
        [
            46.832613605486,
            27.4254104253189
        ],
        [
            46.8372701595871,
            27.3932907979719
        ],
        [
            46.8438177561181,
            27.3794644683184
        ],
        [
            46.845701192478,
            27.3113920395411
        ],
        [
            46.8468650852959,
            27.2941623056658
        ],
        [
            46.8649021992594,
            27.2573629975128
        ],
        [
            46.8641750134984,
            27.2371552849429
        ],
        [
            46.8221269369875,
            27.2397078380774
        ],
        [
            46.8066962097479,
            27.2273704977707
        ],
        [
            46.7972317813277,
            27.2214145403827
        ],
        [
            46.7879853420749,
            27.23330079362
        ],
        [
            46.7632200961929,
            27.2267066979388
        ],
        [
            46.7534565467984,
            27.2286211128139
        ],
        [
            46.7370244745769,
            27.2561647069139
        ],
        [
            46.732067650234,
            27.2746707173722
        ],
        [
            46.7278394106092,
            27.2891351853166
        ],
        [
            46.7189444453585,
            27.3087047595944
        ],
        [
            46.7126733426535,
            27.3280616211085
        ],
        [
            46.7089430873505,
            27.3377852081262
        ],
        [
            46.7022661543632,
            27.3407728722538
        ],
        [
            46.6911784252617,
            27.3343914893373
        ],
        [
            46.6863847575097,
            27.3454356278885
        ],
        [
            46.6799639355504,
            27.3537314256801
        ],
        [
            46.6706231958889,
            27.3584111064851
        ],
        [
            46.6599669436089,
            27.3662814787493
        ],
        [
            46.650330715594,
            27.3747899893058
        ],
        [
            46.6477023553962,
            27.3790442445834
        ],
        [
            46.6428833633149,
            27.3852129147361
        ],
        [
            46.6411448310805,
            27.3906709782626
        ],
        [
            46.6285838249207,
            27.4015193292214
        ],
        [
            46.6196725065844,
            27.4098151270131
        ],
        [
            46.6101752251685,
            27.4310864034024
        ],
        [
            46.6047683364553,
